{"train/loss":2.935044765472412,"train/learning_rate":0.0009990143508499217,"_timestamp":1.7392365437506235e+09,"_runtime":62.144936066,"_step":600,"train/epoch_loss":3.75178286477701,"epoch":1,"_wandb":{"runtime":62}}