{"train/loss":2.8707547187805176,"train/learning_rate":0.0009977832013192385,"_timestamp":1.7392367620789068e+09,"_runtime":18.304819132,"_step":1000,"train/epoch_loss":2.8159163198364316,"epoch":2,"_wandb":{"runtime":18}}