{"_wandb":{"runtime":138},"train/epoch_loss":2.028624321542569,"train/learning_rate":0.000952461112706777,"reconstruction":{"size":318038,"path":"media/images/reconstruction_3000_6e6c6d98dd146fd89e41.png","format":"png","width":1800,"height":1000,"_type":"image-file","sha256":"6e6c6d98dd146fd89e41444a375e11c3271f50810f5b7742fc488693032935b8"},"val/loss":2.693864067988609,"_timestamp":1.7393161553265533e+09,"_runtime":138.453525236,"epoch":13,"_step":4000,"train/loss":2.4116735458374023}