{"train/learning_rate":0.0009977832013192385,"_timestamp":1.7392366402100155e+09,"_runtime":18.726221401,"_step":1000,"train/epoch_loss":2.7612567103620784,"epoch":2,"_wandb":{"runtime":18},"train/loss":3.0045652389526367}