{"_wandb":{"runtime":108},"train/epoch_loss":2.2102807778031077,"epoch":10,"_step":3000,"val/loss":2.9180898951060734,"reconstruction":{"size":284658,"path":"media/images/reconstruction_2000_26915efddf0dc0b2f8f3.png","format":"png","width":1800,"height":1000,"_type":"image-file","sha256":"26915efddf0dc0b2f8f37002a7bdfc3285165951d91a2574ebc08757bb0f3626"},"_timestamp":1.7393158589169679e+09,"_runtime":108.200698315,"train/learning_rate":0.0009704699440926358,"train/loss":2.4113054275512695}