{"val/loss":2.9370890766827027,"_runtime":41.988632434,"_wandb":{"runtime":41},"train/epoch_loss":2.774102099351029,"_step":1000,"_timestamp":1.7393148316140747e+09,"epoch":2,"train/learning_rate":0.0009977832013192385,"train/loss":2.9158592224121094}