{"_runtime":915.108574749,"val/loss":2.153405627250671,"val/earth_mover_distance":1.9316136674880982,"train/running_loss":2.156673002696945,"train/epoch_loss":2.156673002696945,"_step":99800,"training/epoch":99,"_timestamp":1.774394943831375e+09,"val/epoch":99,"val/step":99000,"training/step":99800,"val/best_loss":2.153362897872925,"reconstruction":{"sha256":"50649092de8a305b6a37f8d384c34c74281ad91c97b967b9cf44cb24cce32e3c","size":27592,"path":"media/images/reconstruction_99000_50649092de8a305b6a37.png","format":"png","width":1200,"height":500,"_type":"image-file"},"_wandb":{"runtime":915},"epoch":99,"train/learning_rate":1.2464730973170658e-06,"train/step_loss":3.3032145500183105,"learning_rate":1e-06}