{"_wandb":{"runtime":107},"training/step":3000,"reconstruction":{"size":351452,"path":"media/images/reconstruction_2000_b9f9fd32de8c9a1f6239.png","format":"png","width":1800,"height":1000,"_type":"image-file","sha256":"b9f9fd32de8c9a1f6239ec4e92c05489e6916efe83b381351979e13741858eb7"},"_step":3000,"val/earth_mover_distance":2.546740645792947,"train/step_loss":2.2098779678344727,"_timestamp":1.7393165466787968e+09,"train/learning_rate":0.0009704699440926358,"_runtime":107.540706899,"val/epoch":7,"train/running_loss":2.2163178278849673,"val/best_loss":2.293900447105294,"learning_rate":0.0009704699440926358,"epoch":10,"val/step":2000,"val/loss":2.293900447105294,"training/epoch":11,"train/epoch_loss":2.2476749282274673}