{"_runtime":41.935457889,"_timestamp":1.7392368912982833e+09,"_wandb":{"runtime":41},"_step":1000,"train/epoch_loss":2.8871569731342257,"epoch":2,"train/loss":2.9102730751037598,"train/learning_rate":0.0009977832013192385,"val/loss":2.8451200350007015}