{"train/learning_rate":1.2464730973170658e-06,"train/running_loss":1.2044801965578278,"learning_rate":1e-06,"epoch":99,"_wandb":{"runtime":1039},"_step":26800,"_timestamp":1.7393176361340444e+09,"training/step":26800,"training/epoch":99,"train/epoch_loss":1.2044801965578278,"reconstruction":{"_type":"image-file","sha256":"01039a7ba71ba19135011fc11eadb5a30580a59277dca606d182e3fd1b2654eb","size":262709,"path":"media/images/reconstruction_26000_01039a7ba71ba1913501.png","format":"png","width":1800,"height":1000},"_runtime":1039.412920567,"val/earth_mover_distance":2.3607161863526303,"val/loss":1.22805536682926,"val/step":26000,"val/epoch":97,"train/step_loss":1.1398218870162964,"val/best_loss":1.22805536682926}