{"train/learning_rate":0.0009977832013192385,"_step":1000,"_timestamp":1.739315586209679e+09,"val/loss":2.5815022134069188,"_wandb":{"runtime":41},"train/loss":2.219329595565796,"_runtime":41.68855589,"train/epoch_loss":2.777648182057623,"epoch":2}